{
  "version": 1,
  "components": [
    {
      "name": "core::GltfContainer",
      "data": {
        "0": {
          "json": {
            "src": "{assetPath}/trigger_area.glb",
            "visibleMeshesCollisionMask": 0,
            "invisibleMeshesCollisionMask": 0
          }
        }
      }
    },
    {
      "name": "core::VisibilityComponent",
      "data": {
        "0": {
          "json": {
            "visible": false
          }
        }
      }
    },
    {
      "name": "asset-packs::Triggers",
      "data": {
        "0": {
          "json": {
            "value": [
              {
                "type": "on_player_enters_area",
                "actions": []
              },
              {
                "type": "on_player_leaves_area",
                "actions": []
              }
            ]
          }
        }
      }
    }
  ]
}